{
    "mse": 89952237557730.95,
    "rmse": 9484315.344701005,
    "mae": 5683630.36496732,
    "r2_train": 0.8832480860374087,
    "r2_test": 0.5907984404981721
}